{
  "name": "My workflow 5",
  "nodes": [
    {
      "parameters": {},
      "type": "n8n-nodes-base.manualTrigger",
      "typeVersion": 1,
      "position": [
        0,
        0
      ],
      "id": "af3977b8-a929-46de-9a24-351666ae34f2",
      "name": "When clicking ‘Execute workflow’"
    },
    {
      "parameters": {
        "documentId": {
          "__rl": true,
          "value": "1jQ8TsHFEj3C7hf32QgPqUwHly3jYzSw7Slk9Tzd5FJg",
          "mode": "list",
          "cachedResultName": "whatsapp to send",
          "cachedResultUrl": "https://docs.google.com/spreadsheets/d/1jQ8TsHFEj3C7hf32QgPqUwHly3jYzSw7Slk9Tzd5FJg/edit?usp=drivesdk"
        },
        "sheetName": {
          "__rl": true,
          "value": "gid=0",
          "mode": "list",
          "cachedResultName": "Sheet1",
          "cachedResultUrl": "https://docs.google.com/spreadsheets/d/1jQ8TsHFEj3C7hf32QgPqUwHly3jYzSw7Slk9Tzd5FJg/edit#gid=0"
        },
        "options": {
          "dataLocationOnSheet": {
            "values": {
              "rangeDefinition": "specifyRangeA1",
              "range": "A2:A5000"
            }
          }
        }
      },
      "type": "n8n-nodes-base.googleSheets",
      "typeVersion": 4.6,
      "position": [
        220,
        0
      ],
      "id": "16a9c4e9-6156-4054-bead-69458a13a6c6",
      "name": "Google Sheets",
      "credentials": {
        "googleSheetsOAuth2Api": {
          "id": "ZgSwUG8NoW4qC38y",
          "name": "Google Sheets account"
        }
      }
    }
  ],
  "connections": {
    "When clicking ‘Execute workflow’": {
      "main": [
        [
          {
            "node": "Google Sheets",
            "type": "main",
            "index": 0
          }
        ]
      ]
    }
  },
  "settings": {
    "executionOrder": "v1"
  },
  "staticData": null,
  "pinData": {},
  "triggerCount": 0,
  "meta": {
    "templateCredsSetupCompleted": true
  }
}