{
  "name": "FVL main",
  "nodes": [
    {
      "parameters": {
        "operation": "clear",
        "documentId": {
          "__rl": true,
          "value": "1_qzyKDL-DYnScodRNzZ_TmzAPdULQscIrxMOVFn1Gs4",
          "mode": "list",
          "cachedResultName": "master_4VL",
          "cachedResultUrl": "https://docs.google.com/spreadsheets/d/1_qzyKDL-DYnScodRNzZ_TmzAPdULQscIrxMOVFn1Gs4/edit?usp=drivesdk"
        },
        "sheetName": {
          "__rl": true,
          "value": 1832266426,
          "mode": "list",
          "cachedResultName": "Inputter",
          "cachedResultUrl": "https://docs.google.com/spreadsheets/d/1_qzyKDL-DYnScodRNzZ_TmzAPdULQscIrxMOVFn1Gs4/edit#gid=1832266426"
        }
      },
      "type": "n8n-nodes-base.googleSheets",
      "typeVersion": 4.6,
      "position": [
        -620,
        -20
      ],
      "id": "35995835-2c0a-4342-a29d-69facf45d0da",
      "name": "Google Sheets",
      "credentials": {
        "googleSheetsOAuth2Api": {
          "id": "ZgSwUG8NoW4qC38y",
          "name": "Google Sheets account"
        }
      }
    },
    {
      "parameters": {
        "operation": "appendOrUpdate",
        "documentId": {
          "__rl": true,
          "value": "1_qzyKDL-DYnScodRNzZ_TmzAPdULQscIrxMOVFn1Gs4",
          "mode": "list",
          "cachedResultName": "master_4VL",
          "cachedResultUrl": "https://docs.google.com/spreadsheets/d/1_qzyKDL-DYnScodRNzZ_TmzAPdULQscIrxMOVFn1Gs4/edit?usp=drivesdk"
        },
        "sheetName": {
          "__rl": true,
          "value": 1832266426,
          "mode": "list",
          "cachedResultName": "Inputter",
          "cachedResultUrl": "https://docs.google.com/spreadsheets/d/1_qzyKDL-DYnScodRNzZ_TmzAPdULQscIrxMOVFn1Gs4/edit#gid=1832266426"
        },
        "columns": {
          "mappingMode": "defineBelow",
          "value": {
            "Pincode": "={{ $json.pincode }}",
            "Qty": "={{ $json.quantity }}",
            "Wt": "={{ $json.weight }}",
            "Volume": "={{ $json.volume }}"
          },
          "matchingColumns": [
            "Pincode"
          ],
          "schema": [
            {
              "id": "Pincode",
              "displayName": "Pincode",
              "required": false,
              "defaultMatch": false,
              "display": true,
              "type": "string",
              "canBeUsedToMatch": true,
              "removed": false
            },
            {
              "id": "Qty",
              "displayName": "Qty",
              "required": false,
              "defaultMatch": false,
              "display": true,
              "type": "string",
              "canBeUsedToMatch": true,
              "removed": false
            },
            {
              "id": "Wt",
              "displayName": "Wt",
              "required": false,
              "defaultMatch": false,
              "display": true,
              "type": "string",
              "canBeUsedToMatch": true,
              "removed": false
            },
            {
              "id": "Volume",
              "displayName": "Volume",
              "required": false,
              "defaultMatch": false,
              "display": true,
              "type": "string",
              "canBeUsedToMatch": true,
              "removed": false
            }
          ],
          "attemptToConvertTypes": false,
          "convertFieldsToString": false
        },
        "options": {}
      },
      "type": "n8n-nodes-base.googleSheets",
      "typeVersion": 4.6,
      "position": [
        -400,
        180
      ],
      "id": "dda2ec2a-fced-455e-9289-760302759c22",
      "name": "Google Sheets2",
      "credentials": {
        "googleSheetsOAuth2Api": {
          "id": "ZgSwUG8NoW4qC38y",
          "name": "Google Sheets account"
        }
      }
    },
    {
      "parameters": {
        "operation": "clear",
        "documentId": {
          "__rl": true,
          "value": "13Z92RLp_BqPid1GhMmYf3G9RWxjabs-ZuvGQrVFd16s",
          "mode": "list",
          "cachedResultName": "Input Data",
          "cachedResultUrl": "https://docs.google.com/spreadsheets/d/13Z92RLp_BqPid1GhMmYf3G9RWxjabs-ZuvGQrVFd16s/edit?usp=drivesdk"
        },
        "sheetName": {
          "__rl": true,
          "value": 1937038165,
          "mode": "list",
          "cachedResultName": "INPUTTER",
          "cachedResultUrl": "https://docs.google.com/spreadsheets/d/13Z92RLp_BqPid1GhMmYf3G9RWxjabs-ZuvGQrVFd16s/edit#gid=1937038165"
        }
      },
      "type": "n8n-nodes-base.googleSheets",
      "typeVersion": 4.6,
      "position": [
        -400,
        -20
      ],
      "id": "87dbab76-be73-4664-9968-0bed05538810",
      "name": "Google Sheets3",
      "credentials": {
        "googleSheetsOAuth2Api": {
          "id": "ZgSwUG8NoW4qC38y",
          "name": "Google Sheets account"
        }
      }
    },
    {
      "parameters": {
        "documentId": {
          "__rl": true,
          "value": "1_qzyKDL-DYnScodRNzZ_TmzAPdULQscIrxMOVFn1Gs4",
          "mode": "list",
          "cachedResultName": "master_4VL",
          "cachedResultUrl": "https://docs.google.com/spreadsheets/d/1_qzyKDL-DYnScodRNzZ_TmzAPdULQscIrxMOVFn1Gs4/edit?usp=drivesdk"
        },
        "sheetName": {
          "__rl": true,
          "value": 2036734198,
          "mode": "list",
          "cachedResultName": "Master Sheet",
          "cachedResultUrl": "https://docs.google.com/spreadsheets/d/1_qzyKDL-DYnScodRNzZ_TmzAPdULQscIrxMOVFn1Gs4/edit#gid=2036734198"
        },
        "options": {
          "dataLocationOnSheet": {
            "values": {
              "rangeDefinition": "specifyRangeA1",
              "range": "V12:W1000"
            }
          }
        }
      },
      "type": "n8n-nodes-base.googleSheets",
      "typeVersion": 4.6,
      "position": [
        -700,
        380
      ],
      "id": "06ed9dd0-b627-4244-8b5b-f3e6e74b28fc",
      "name": "Google Sheets4",
      "credentials": {
        "googleSheetsOAuth2Api": {
          "id": "ZgSwUG8NoW4qC38y",
          "name": "Google Sheets account"
        }
      }
    },
    {
      "parameters": {
        "operation": "appendOrUpdate",
        "documentId": {
          "__rl": true,
          "value": "13Z92RLp_BqPid1GhMmYf3G9RWxjabs-ZuvGQrVFd16s",
          "mode": "list",
          "cachedResultName": "Input Data",
          "cachedResultUrl": "https://docs.google.com/spreadsheets/d/13Z92RLp_BqPid1GhMmYf3G9RWxjabs-ZuvGQrVFd16s/edit?usp=drivesdk"
        },
        "sheetName": {
          "__rl": true,
          "value": 1937038165,
          "mode": "list",
          "cachedResultName": "INPUTTER",
          "cachedResultUrl": "https://docs.google.com/spreadsheets/d/13Z92RLp_BqPid1GhMmYf3G9RWxjabs-ZuvGQrVFd16s/edit#gid=1937038165"
        },
        "columns": {
          "mappingMode": "autoMapInputData",
          "value": {},
          "matchingColumns": [],
          "schema": [
            {
              "id": "Courier Rewarded",
              "displayName": "Courier Rewarded",
              "required": false,
              "defaultMatch": false,
              "display": true,
              "type": "string",
              "canBeUsedToMatch": true,
              "removed": false
            },
            {
              "id": "Cost",
              "displayName": "Cost",
              "required": false,
              "defaultMatch": false,
              "display": true,
              "type": "string",
              "canBeUsedToMatch": true,
              "removed": false
            }
          ],
          "attemptToConvertTypes": false,
          "convertFieldsToString": false
        },
        "options": {}
      },
      "type": "n8n-nodes-base.googleSheets",
      "typeVersion": 4.6,
      "position": [
        -360,
        380
      ],
      "id": "3ed40c15-4020-468d-b015-ee90b9730770",
      "name": "Google Sheets5",
      "credentials": {
        "googleSheetsOAuth2Api": {
          "id": "ZgSwUG8NoW4qC38y",
          "name": "Google Sheets account"
        }
      }
    },
    {
      "parameters": {
        "tableId": "fvl_rates",
        "fieldsUi": {
          "fieldValues": [
            {
              "fieldId": "courier",
              "fieldValue": "={{ $json.Courier }}"
            },
            {
              "fieldId": "base_rate",
              "fieldValue": "={{ $json.Rate }}"
            },
            {
              "fieldId": "pincode",
              "fieldValue": "={{ $json.Pincode }}"
            },
            {
              "fieldId": "Qty",
              "fieldValue": "={{ $json.Qty }}"
            },
            {
              "fieldId": "Wt",
              "fieldValue": "={{ $json['Wt(kg)'] }}"
            }
          ]
        }
      },
      "type": "n8n-nodes-base.supabase",
      "typeVersion": 1,
      "position": [
        -360,
        540
      ],
      "id": "e11e4372-6e90-4520-b481-13e8f4989b65",
      "name": "Supabase",
      "alwaysOutputData": true,
      "credentials": {
        "supabaseApi": {
          "id": "dwJaZ4I3wWG5MBcN",
          "name": "Supabase account"
        }
      }
    },
    {
      "parameters": {
        "documentId": {
          "__rl": true,
          "value": "13Z92RLp_BqPid1GhMmYf3G9RWxjabs-ZuvGQrVFd16s",
          "mode": "list",
          "cachedResultName": "Input Data",
          "cachedResultUrl": "https://docs.google.com/spreadsheets/d/13Z92RLp_BqPid1GhMmYf3G9RWxjabs-ZuvGQrVFd16s/edit?usp=drivesdk"
        },
        "sheetName": {
          "__rl": true,
          "value": "gid=0",
          "mode": "list",
          "cachedResultName": "Sheet1",
          "cachedResultUrl": "https://docs.google.com/spreadsheets/d/13Z92RLp_BqPid1GhMmYf3G9RWxjabs-ZuvGQrVFd16s/edit#gid=0"
        },
        "options": {
          "dataLocationOnSheet": {
            "values": {
              "rangeDefinition": "specifyRangeA1",
              "range": "A:E"
            }
          }
        }
      },
      "type": "n8n-nodes-base.googleSheets",
      "typeVersion": 4.6,
      "position": [
        -700,
        540
      ],
      "id": "18685c58-c22e-4465-810b-7aa4e9528c20",
      "name": "Google Sheets6",
      "credentials": {
        "googleSheetsOAuth2Api": {
          "id": "ZgSwUG8NoW4qC38y",
          "name": "Google Sheets account"
        }
      }
    },
    {
      "parameters": {
        "operation": "getAll",
        "tableId": "input_sheet",
        "limit": null,
        "filterType": "none"
      },
      "type": "n8n-nodes-base.supabase",
      "typeVersion": 1,
      "position": [
        -680,
        180
      ],
      "id": "98435b8c-794b-42e3-9481-365ea43fc31a",
      "name": "Supabase1",
      "credentials": {
        "supabaseApi": {
          "id": "dwJaZ4I3wWG5MBcN",
          "name": "Supabase account"
        }
      }
    },
    {
      "parameters": {
        "httpMethod": "POST",
        "path": "89ffadca-60dc-456e-8784-29b9b9bfd5d4",
        "options": {}
      },
      "type": "n8n-nodes-base.webhook",
      "typeVersion": 2,
      "position": [
        -1020,
        180
      ],
      "id": "74ce2b5c-8b69-4669-8929-9f7175d1b6df",
      "name": "Webhook",
      "webhookId": "89ffadca-60dc-456e-8784-29b9b9bfd5d4"
    }
  ],
  "connections": {
    "Google Sheets": {
      "main": [
        [
          {
            "node": "Google Sheets3",
            "type": "main",
            "index": 0
          }
        ]
      ]
    },
    "Google Sheets4": {
      "main": [
        [
          {
            "node": "Google Sheets5",
            "type": "main",
            "index": 0
          }
        ]
      ]
    },
    "Google Sheets6": {
      "main": [
        [
          {
            "node": "Supabase",
            "type": "main",
            "index": 0
          }
        ]
      ]
    },
    "Supabase1": {
      "main": [
        [
          {
            "node": "Google Sheets2",
            "type": "main",
            "index": 0
          }
        ]
      ]
    },
    "Webhook": {
      "main": [
        []
      ]
    }
  },
  "settings": {
    "executionOrder": "v1"
  },
  "staticData": null,
  "pinData": {},
  "triggerCount": 0,
  "meta": {
    "templateCredsSetupCompleted": true
  }
}